from;to
ts-inside-payment-service;ts-security-service
ts-rebook-service;ts-travel-plan-service
ts-notification-service;ts-preserve-other-service
ts-train-service;ts-travel-service
ts-login-service;ts-register-service
ts-route-service;ts-travel2-service
ts-contacts-service;ts-register-service
ts-order-service;ts-route-plan-service
ts-contacts-service;ts-order-service
ts-ticketinfo-service;ts-travel-service
ts-basic-service;ts-order-service
ts-basic-service;ts-ticketinfo-service
ts-basic-service;ts-seat-service
ts-inside-payment-service;ts-seat-service
ts-food-service;ts-route-plan-service
ts-order-service;ts-preserve-service
ts-seat-service;ts-travel-service
ts-execute-service;ts-preserve-other-service
ts-order-service;ts-security-service
ts-cancel-service;ts-login-service
ts-order-other-service;ts-travel2-service
ts-order-other-service;ts-rebook-service
ts-basic-service;ts-price-service
ts-preserve-service;ts-travel2-service
ts-food-service;ts-preserve-service
ts-notification-service;ts-preserve-service
ts-basic-service;ts-station-service
ts-order-service;ts-ticketinfo-service
ts-order-other-service;ts-travel-plan-service
ts-order-service;ts-seat-service
ts-execute-service;ts-order-other-service
ts-route-plan-service;ts-travel2-service
ts-execute-service;ts-rebook-service
ts-security-service;ts-travel2-service
ts-preserve-service;ts-voucher-service
ts-cancel-service;ts-preserve-other-service
ts-assurance-service;ts-cancel-service
ts-preserve-other-service;ts-rebook-service
ts-consign-service;ts-preserve-service
ts-food-service;ts-seat-service
ts-assurance-service;ts-preserve-other-service
ts-inside-payment-service;ts-voucher-service
ts-security-service;ts-travel-plan-service
ts-route-plan-service;ts-travel-plan-service
ts-order-service;ts-station-service
ts-cancel-service;ts-order-other-service
ts-cancel-service;ts-rebook-service
ts-basic-service;ts-route-service
ts-seat-service;ts-security-service
ts-inside-payment-service;ts-payment-service
ts-assurance-service;ts-order-other-service
ts-assurance-service;ts-rebook-service
ts-config-service;ts-station-service
ts-food-service;ts-station-service
ts-order-service;ts-voucher-service
ts-cancel-service;ts-travel-plan-service
ts-preserve-other-service;ts-sso-service
ts-station-service;ts-travel2-service
ts-execute-service;ts-travel-service
ts-order-other-service;ts-preserve-other-service
ts-seat-service;ts-ticketinfo-service
ts-ticketinfo-service;ts-train-service
ts-preserve-other-service;ts-train-service
ts-preserve-other-service;ts-travel-service
ts-seat-service;ts-train-service
ts-rebook-service;ts-ticketinfo-service
ts-cancel-service;ts-sso-service
ts-rebook-service;ts-sso-service
ts-consign-price-service;ts-price-service
ts-food-service;ts-route-service
ts-assurance-service;ts-sso-service
ts-rebook-service;ts-travel-service
ts-travel-plan-service;ts-travel2-service
ts-cancel-service;ts-travel-service
ts-preserve-service;ts-rebook-service
ts-contacts-service;ts-rebook-service
ts-basic-service;ts-travel2-service
ts-inside-payment-service;ts-travel2-service
ts-inside-payment-service;ts-order-other-service
ts-inside-payment-service;ts-rebook-service
ts-preserve-other-service;ts-route-plan-service
ts-preserve-service;ts-travel-plan-service
ts-basic-service;ts-consign-price-service
ts-route-service;ts-travel-service
ts-basic-service;ts-travel-plan-service
ts-execute-service;ts-preserve-service
ts-execute-service;ts-security-service
ts-assurance-service;ts-contacts-service
ts-inside-payment-service;ts-travel-plan-service
ts-order-other-service;ts-ticketinfo-service
ts-preserve-other-service;ts-preserve-service
ts-order-other-service;ts-sso-service
ts-preserve-other-service;ts-security-service
ts-order-service;ts-travel2-service
ts-rebook-service;ts-route-plan-service
ts-order-other-service;ts-train-service
ts-preserve-service;ts-sso-service
ts-order-other-service;ts-travel-service
ts-execute-service;ts-order-service
ts-execute-service;ts-seat-service
ts-route-plan-service;ts-ticketinfo-service
ts-preserve-other-service;ts-register-service
ts-contacts-service;ts-login-service
ts-preserve-other-service;ts-ticketinfo-service
ts-food-service;ts-travel2-service
ts-config-service;ts-travel2-service
ts-cancel-service;ts-preserve-service
ts-preserve-service;ts-travel-service
ts-preserve-other-service;ts-seat-service
ts-cancel-service;ts-security-service
ts-rebook-service;ts-security-service
ts-order-service;ts-travel-plan-service
ts-security-service;ts-travel-service
ts-route-plan-service;ts-travel-service
ts-assurance-service;ts-preserve-service
ts-cancel-service;ts-register-service
ts-cancel-service;ts-order-service
ts-train-service;ts-travel2-service
ts-login-service;ts-preserve-other-service
ts-contacts-service;ts-preserve-other-service
ts-cancel-service;ts-seat-service
ts-rebook-service;ts-seat-service
ts-basic-service;ts-preserve-other-service
ts-preserve-other-service;ts-station-service
ts-ticketinfo-service;ts-travel2-service
ts-inside-payment-service;ts-preserve-other-service
ts-assurance-service;ts-order-service
ts-order-other-service;ts-route-plan-service
ts-execute-service;ts-voucher-service
ts-seat-service;ts-travel2-service
ts-preserve-other-service;ts-voucher-service
ts-contacts-service;ts-order-other-service
ts-order-other-service;ts-preserve-service
ts-basic-service;ts-rebook-service
ts-rebook-service;ts-station-service
ts-basic-service;ts-order-other-service
ts-route-service;ts-seat-service
ts-order-other-service;ts-security-service
ts-cancel-service;ts-contacts-service
ts-order-service;ts-preserve-other-service
ts-station-service;ts-train-service
ts-execute-service;ts-inside-payment-service
ts-preserve-service;ts-security-service
ts-station-service;ts-travel-service
ts-register-service;ts-sso-service
ts-order-other-service;ts-order-service
ts-rebook-service;ts-voucher-service
ts-inside-payment-service;ts-preserve-service
ts-food-service;ts-preserve-other-service
ts-order-other-service;ts-seat-service
ts-preserve-service;ts-register-service
ts-order-service;ts-rebook-service
ts-preserve-service;ts-ticketinfo-service
ts-preserve-service;ts-seat-service
ts-cancel-service;ts-execute-service
ts-login-service;ts-sso-service
ts-contacts-service;ts-sso-service
ts-cancel-service;ts-inside-payment-service
ts-inside-payment-service;ts-register-service
ts-basic-service;ts-sso-service
ts-inside-payment-service;ts-order-service
ts-preserve-service;ts-train-service
ts-basic-service;ts-food-service
ts-route-plan-service;ts-seat-service
ts-travel-plan-service;ts-travel-service
ts-consign-service;ts-preserve-other-service
ts-order-other-service;ts-station-service
ts-basic-service;ts-train-service
ts-basic-service;ts-travel-service
ts-cancel-service;ts-notification-service
ts-inside-payment-service;ts-travel-service
ts-preserve-service;ts-station-service
ts-order-other-service;ts-voucher-service
ts-execute-service;ts-travel2-service
ts-order-service;ts-sso-service
ts-travel-service;ts-travel2-service
ts-basic-service;ts-contacts-service
ts-preserve-other-service;ts-travel2-service
ts-consign-price-service;ts-consign-service
ts-order-service;ts-train-service
ts-order-service;ts-travel-service
ts-preserve-service;ts-route-plan-service
ts-execute-service;ts-travel-plan-service
ts-ticketinfo-service;ts-travel-plan-service
ts-preserve-other-service;ts-travel-plan-service
ts-basic-service;ts-route-plan-service
ts-config-service;ts-train-service
ts-rebook-service;ts-travel2-service
ts-food-service;ts-travel-service
ts-cancel-service;ts-travel2-service
ts-config-service;ts-travel-service
ts-seat-service;ts-travel-plan-service
ts-route-plan-service;ts-route-service
ts-login-service;ts-preserve-service
ts-food-map-service;ts-food-service
ts-contacts-service;ts-preserve-service
ts-basic-service;ts-preserve-service
ts-cancel-service;ts-voucher-service
